Location,Price,Bedrooms,Bathrooms,Living Rooms,Closest station
Langridge House Ram Quarter SW18,840000,2,2,1,0.3
Cummings House Ram Quarter SW18,810000,2,2,1,0.3
Spinnaker House Battersea Reach London SW18,665000,2,2,1,0.2
London Court Frogmore London SW18,525000,3,1,1,0.3
Bessborough Road Putney London SW15,355000,2,1,1,1.3
Coopers’ Lofts Ram Quarter SW18,1230000,2,2,1,0.3
Gowing House Ram Quarter SW18,1024000,3,2,1,0.3
Plaza Gardens London SW15,800000,3,2,1,0.1
Bellwether Lane London SW18,1750000,4,4,1,0.3
Derwent Avenue London SW15,1200000,5,3,2,1.8
Dover House Road London SW15,700000,4,1,2,0.7
Eltringham Street Wandsworth London SW18,565000,2,2,1,0.2
Werter Road Putney London SW15,800000,3,2,1,0.1
Werter Road Putney London SW15,750000,2,2,1,0.1
Lower Richmond Road London SW15,1950000,5,2,2,0.1
Shoreham Close London SW18,475000,2,1,1,0.2
Flat 12 Binley House Highcliffe Drive Putney London SW15,175000,2,1,1,0.9
Derwent Avenue London SW15,1600000,5,2,3,1.7
Werter Road London SW15,800000,3,2,1,0.1
Rodway Road London SW15,325000,1,1,1,1.1
Kennet House 8 Enterprise Way Wandsworth London SW18,424950,1,1,1,0.2
Thornhill Mews Deodar Road Putney London SW15,1200000,2,2,1,0.3
Tunworth Crescent Roehampton SW15,230000,2,1,1,1.1
Egliston Road Putney London SW15,3295000,6,2,4,0.5
Robin Hood Lane London SW15,1500000,6,4,2,1.7
Langridge House Ram Quarter SW18,840000,2,2,1,0.3
Cummings House Ram Quarter SW18,810000,2,2,1,0.3
Spinnaker House Battersea Reach London SW18,665000,2,2,1,0.2
London Court Frogmore London SW18,525000,3,1,1,0.3
Bessborough Road Putney London SW15,355000,2,1,1,1.3
Coopers’ Lofts Ram Quarter SW18,1230000,2,2,1,0.3
Gowing House Ram Quarter SW18,1024000,3,2,1,0.3
Plaza Gardens London SW15,800000,3,2,1,0.1
Bellwether Lane London SW18,1750000,4,4,1,0.3
Derwent Avenue London SW15,1200000,5,3,2,1.8
Dover House Road London SW15,700000,4,1,2,0.7
Eltringham Street Wandsworth London SW18,565000,2,2,1,0.2
Werter Road Putney London SW15,800000,3,2,1,0.1
Werter Road Putney London SW15,750000,2,2,1,0.1
Lower Richmond Road London SW15,1950000,5,2,2,0.1
Shoreham Close London SW18,475000,2,1,1,0.2
Flat 12 Binley House Highcliffe Drive Putney London SW15,175000,2,1,1,0.9
Derwent Avenue London SW15,1600000,5,2,3,1.7
Werter Road London SW15,800000,3,2,1,0.1
Rodway Road London SW15,325000,1,1,1,1.1
Kennet House 8 Enterprise Way Wandsworth London SW18,424950,1,1,1,0.2
Thornhill Mews Deodar Road Putney London SW15,1200000,2,2,1,0.3
Tunworth Crescent Roehampton SW15,230000,2,1,1,1.1
Egliston Road Putney London SW15,3295000,6,2,4,0.5
Robin Hood Lane London SW15,1500000,6,4,2,1.7
Langridge House Ram Quarter SW18,840000,2,2,1,0.3
Cummings House Ram Quarter SW18,810000,2,2,1,0.3
Spinnaker House Battersea Reach London SW18,665000,2,2,1,0.2
London Court Frogmore London SW18,525000,3,1,1,0.3
Bessborough Road Putney London SW15,355000,2,1,1,1.3
Coopers’ Lofts Ram Quarter SW18,1230000,2,2,1,0.3
Gowing House Ram Quarter SW18,1024000,3,2,1,0.3
Plaza Gardens London SW15,800000,3,2,1,0.1
Bellwether Lane London SW18,1750000,4,4,1,0.3
Derwent Avenue London SW15,1200000,5,3,2,1.8
Dover House Road London SW15,700000,4,1,2,0.7
Eltringham Street Wandsworth London SW18,565000,2,2,1,0.2
Werter Road Putney London SW15,800000,3,2,1,0.1
Werter Road Putney London SW15,750000,2,2,1,0.1
Lower Richmond Road London SW15,1950000,5,2,2,0.1
Shoreham Close London SW18,475000,2,1,1,0.2
Flat 12 Binley House Highcliffe Drive Putney London SW15,175000,2,1,1,0.9
Derwent Avenue London SW15,1600000,5,2,3,1.7
Werter Road London SW15,800000,3,2,1,0.1
Rodway Road London SW15,325000,1,1,1,1.1
Kennet House 8 Enterprise Way Wandsworth London SW18,424950,1,1,1,0.2
Thornhill Mews Deodar Road Putney London SW15,1200000,2,2,1,0.3
Tunworth Crescent Roehampton SW15,230000,2,1,1,1.1
Egliston Road Putney London SW15,3295000,6,2,4,0.5
Robin Hood Lane London SW15,1500000,6,4,2,1.7
Langridge House Ram Quarter SW18,840000,2,2,1,0.3
Cummings House Ram Quarter SW18,810000,2,2,1,0.3
Spinnaker House Battersea Reach London SW18,665000,2,2,1,0.2
London Court Frogmore London SW18,525000,3,1,1,0.3
Bessborough Road Putney London SW15,355000,2,1,1,1.3
Coopers’ Lofts Ram Quarter SW18,1230000,2,2,1,0.3
Gowing House Ram Quarter SW18,1024000,3,2,1,0.3
Plaza Gardens London SW15,800000,3,2,1,0.1
Bellwether Lane London SW18,1750000,4,4,1,0.3
Derwent Avenue London SW15,1200000,5,3,2,1.8
Dover House Road London SW15,700000,4,1,2,0.7
Eltringham Street Wandsworth London SW18,565000,2,2,1,0.2
Werter Road Putney London SW15,800000,3,2,1,0.1
Werter Road Putney London SW15,750000,2,2,1,0.1
Lower Richmond Road London SW15,1950000,5,2,2,0.1
Shoreham Close London SW18,475000,2,1,1,0.2
Flat 12 Binley House Highcliffe Drive Putney London SW15,175000,2,1,1,0.9
Derwent Avenue London SW15,1600000,5,2,3,1.7
Werter Road London SW15,800000,3,2,1,0.1
Rodway Road London SW15,325000,1,1,1,1.1
Kennet House 8 Enterprise Way Wandsworth London SW18,424950,1,1,1,0.2
Thornhill Mews Deodar Road Putney London SW15,1200000,2,2,1,0.3
Tunworth Crescent Roehampton SW15,230000,2,1,1,1.1
Egliston Road Putney London SW15,3295000,6,2,4,0.5
Robin Hood Lane London SW15,1500000,6,4,2,1.7
Langridge House Ram Quarter SW18,840000,2,2,1,0.3
Cummings House Ram Quarter SW18,810000,2,2,1,0.3
Spinnaker House Battersea Reach London SW18,665000,2,2,1,0.2
London Court Frogmore London SW18,525000,3,1,1,0.3
Bessborough Road Putney London SW15,355000,2,1,1,1.3
Coopers’ Lofts Ram Quarter SW18,1230000,2,2,1,0.3
Gowing House Ram Quarter SW18,1024000,3,2,1,0.3
Plaza Gardens London SW15,800000,3,2,1,0.1
Bellwether Lane London SW18,1750000,4,4,1,0.3
Derwent Avenue London SW15,1200000,5,3,2,1.8
Dover House Road London SW15,700000,4,1,2,0.7
Eltringham Street Wandsworth London SW18,565000,2,2,1,0.2
Werter Road Putney London SW15,800000,3,2,1,0.1
Werter Road Putney London SW15,750000,2,2,1,0.1
Lower Richmond Road London SW15,1950000,5,2,2,0.1
Shoreham Close London SW18,475000,2,1,1,0.2
Flat 12 Binley House Highcliffe Drive Putney London SW15,175000,2,1,1,0.9
Derwent Avenue London SW15,1600000,5,2,3,1.7
Werter Road London SW15,800000,3,2,1,0.1
Rodway Road London SW15,325000,1,1,1,1.1
Kennet House 8 Enterprise Way Wandsworth London SW18,424950,1,1,1,0.2
Thornhill Mews Deodar Road Putney London SW15,1200000,2,2,1,0.3
Tunworth Crescent Roehampton SW15,230000,2,1,1,1.1
Egliston Road Putney London SW15,3295000,6,2,4,0.5
Robin Hood Lane London SW15,1500000,6,4,2,1.7
Langridge House Ram Quarter SW18,840000,2,2,1,0.3
Cummings House Ram Quarter SW18,810000,2,2,1,0.3
Spinnaker House Battersea Reach London SW18,665000,2,2,1,0.2
London Court Frogmore London SW18,525000,3,1,1,0.3
Bessborough Road Putney London SW15,355000,2,1,1,1.3
Coopers’ Lofts Ram Quarter SW18,1230000,2,2,1,0.3
Gowing House Ram Quarter SW18,1024000,3,2,1,0.3
Plaza Gardens London SW15,800000,3,2,1,0.1
Bellwether Lane London SW18,1750000,4,4,1,0.3
Derwent Avenue London SW15,1200000,5,3,2,1.8
Dover House Road London SW15,700000,4,1,2,0.7
Eltringham Street Wandsworth London SW18,565000,2,2,1,0.2
Werter Road Putney London SW15,800000,3,2,1,0.1
Werter Road Putney London SW15,750000,2,2,1,0.1
Lower Richmond Road London SW15,1950000,5,2,2,0.1
Shoreham Close London SW18,475000,2,1,1,0.2
Flat 12 Binley House Highcliffe Drive Putney London SW15,175000,2,1,1,0.9
Derwent Avenue London SW15,1600000,5,2,3,1.7
Werter Road London SW15,800000,3,2,1,0.1
Rodway Road London SW15,325000,1,1,1,1.1
Kennet House 8 Enterprise Way Wandsworth London SW18,424950,1,1,1,0.2
Thornhill Mews Deodar Road Putney London SW15,1200000,2,2,1,0.3
Tunworth Crescent Roehampton SW15,230000,2,1,1,1.1
Egliston Road Putney London SW15,3295000,6,2,4,0.5
Robin Hood Lane London SW15,1500000,6,4,2,1.7
